empresa;metrica;valor
001;MAPE;14.845035278629707
001;MAE;0.1036367219884087
001;RMSE;0.1242929561655238
001;sMAPE;15.70386935501912
001;Bias;-0.08145021658497703
001;R2;-1.3314755503802385
001;forecast_horizon;30.0
