empresa;metrica;valor
001;MAPE;13.352947282520303
001;MAE;0.09872260052638111
001;RMSE;0.11675654647167476
001;sMAPE;14.711892352223304
001;Bias;-0.09557063346738648
001;R2;-5.236800827586357
001;forecast_horizon;30.0
