empresa;MAPE;MAE;RMSE;sMAPE;R2;Bias;forecast_horizon
001;24.884050542954462;0.1913808267579217;0.274466318005082;41.67430244742071;-0.1448142164214714;0.012742986331083771;30.0
