empresa;MAPE;MAE;RMSE;sMAPE;R2;Bias;forecast_horizon
001;14.845035278629707;0.1036367219884087;0.1242929561655238;15.70386935501912;-1.3314755503802385;-0.08145021658497703;30.0
