empresa;MAPE;MAE;RMSE;sMAPE;R2;Bias;forecast_horizon
001;13.352947282520303;0.09872260052638111;0.11675654647167476;14.711892352223304;-5.236800827586357;-0.09557063346738648;30.0
