empresa;MAPE;MAE;RMSE;sMAPE;R2;Bias;forecast_horizon
001;18.741526512708866;0.10758832490801207;0.13947069654103011;18.453324329888307;-0.05538211562495987;0.0023645076259307014;30.0
003;15.720043411887744;0.10565600313675876;0.15102444118319683;17.424863961545423;-0.11294038301125431;-0.011620750989994476;30.0
032;16.07941764237142;0.10084284516940252;0.14485583879255742;15.170867083774004;-0.26890110497044906;0.03393087467326551;30.0
040;10.43260621589804;0.0821384875378051;0.11778082164245245;11.516799237675324;-0.2289296793105371;-0.011566279037806732;30.0
052;25.54727125658515;0.17470759098289373;0.2576060484216731;36.47383615978481;-0.18462236677462407;0.03480589274790797;30.0
