empresa;MAPE;MAE;RMSE;sMAPE;R2;Bias;forecast_horizon
001;18.32994331127952;0.10637126806876344;0.13911269235041795;18.258238912630265;-0.051061294198652574;-0.0013323108475628528;30.0
003;15.229081689133794;0.1026806512414569;0.14876728221685398;16.981197993654224;-0.07867411482577036;-0.007142812404713864;30.0
032;16.17767886607754;0.10198917394770726;0.1469155241916185;15.26376719680877;-0.30765715430277196;0.03184584845692312;30.0
040;10.639096535258014;0.08400985787651967;0.11968085379338754;11.728074838435267;-0.2512767151102451;-0.01338263544129147;30.0
052;26.0698840375335;0.1772025644846994;0.26021712009932746;36.71249047153408;-0.20725286067901338;0.038803067329112956;30.0
