metrica;valor;forecast_horizon
MAPE;6.925831079665243;90
MAE;0.117888029384141;90
RMSE;0.35191936344093827;90
sMAPE;112.89576573137454;90
Bias;0.05144405541567896;90
R2;0.28491078927789903;90
forecast_horizon;90.0;90
