metrica;valor;forecast_horizon
MAPE;6.994035042961745;90
MAE;0.12722466211074954;90
RMSE;0.3693905964140909;90
sMAPE;115.68843397079115;90
Bias;0.053614154871844955;90
R2;0.27482137871954626;90
forecast_horizon;90.0;90
