metrica;valor;forecast_horizon
MAPE;4.187715284481338;30
MAE;0.06765224115713636;30
RMSE;0.20940717380153692;30
sMAPE;69.20020631714502;30
Bias;0.04586621033827987;30
R2;0.7366699725372021;30
forecast_horizon;30.0;30
