metrica;valor;forecast_horizon
MAPE;5.62723775222801;60
MAE;0.09578402387461457;60
RMSE;0.28593448279576233;60
sMAPE;91.72780965674181;60
Bias;0.05144405541567896;60
R2;0.49859388123632326;60
forecast_horizon;60.0;60
