metrica;valor;forecast_horizon
MAPE;5.682653472406417;60
MAE;0.103370037964984;60
RMSE;0.30012985958644883;60
sMAPE;93.99685260126782;60
Bias;0.053614154871844955;60
R2;0.4809374127592059;60
forecast_horizon;60.0;60
