metrica;valor;forecast_horizon
MAPE;5.454862767169331;60
MAE;0.08814318722060516;60
RMSE;0.27226517820488627;60
sMAPE;90.51992085988407;60
Bias;0.04576507358771427;60
R2;0.5161131883947552;60
forecast_horizon;60.0;60
