metrica;valor;forecast_horizon
MAPE;6.713677251900716;90
MAE;0.1084839227330525;90
RMSE;0.33509560394447546;90
sMAPE;111.40913336601116;90
Bias;0.04576507358771427;90
R2;0.2949218219398601;90
forecast_horizon;90.0;90
