metrica;valor;forecast_horizon
MAPE;4.37127190185109;30
MAE;0.07951541381921845;30
RMSE;0.23086912275880678;30
sMAPE;72.30527123174447;30
Bias;0.053614154871844955;30
R2;0.6870534467988656;30
forecast_horizon;30.0;30
