metrica;valor;forecast_horizon
MAPE;4.3286444247907765;30
MAE;0.07368001836508813;30
RMSE;0.2199496021505864;30
sMAPE;70.55985358210908;30
Bias;0.05144405541567896;30
R2;0.7122769731947476;30
forecast_horizon;30.0;30
