metrica;valor;forecast_horizon
MAPE;5.1056923498515605;60
MAE;0.06164534708717398;60
RMSE;0.16362062376830944;60
sMAPE;10.064210912767997;60
Bias;0.008529070209691193;60
R2;0.12733877889322634;60
forecast_horizon;60.0;60
