metrica;valor;forecast_horizon
MAPE;3.9928213160042114;30
MAE;0.042822357197155415;30
RMSE;0.10803385325967309;30
sMAPE;6.526620556805735;30
Bias;0.004545431269977256;30
R2;0.20816255189739674;30
forecast_horizon;30.0;30
