metrica;valor;forecast_horizon
MAPE;6.345524944078497;90
MAE;0.06819139041838543;90
RMSE;0.17200356812044248;90
sMAPE;10.414666179972148;90
Bias;0.004265645127893571;90
R2;0.08648564395842886;90
forecast_horizon;90.0;90
