metrica;valor;forecast_horizon
MAPE;5.134282086481032;60
MAE;0.05522158736208203;60
RMSE;0.13949625676196514;60
sMAPE;8.439256119212915;60
Bias;0.003882953146751978;60
R2;0.15385564557193848;60
forecast_horizon;60.0;60
