metrica;valor;forecast_horizon
MAPE;3.9274556537319696;30
MAE;0.0474194977593646;30
RMSE;0.12586201828331495;30
sMAPE;7.741700702129228;30
Bias;0.008529070209691193;30
R2;0.18191254127603762;30
forecast_horizon;30.0;30
