metrica;valor;forecast_horizon
MAPE;3.9494477588315626;30
MAE;0.04247814412467848;30
RMSE;0.10730481289381934;30
sMAPE;6.491735476317627;30
Bias;0.003882953146751978;30
R2;0.21979377938848355;30
forecast_horizon;30.0;30
