metrica;valor;forecast_horizon
MAPE;6.319116414130501;90
MAE;0.06796503059948557;90
RMSE;0.17168770063011096;90
sMAPE;10.386776762108205;90
Bias;0.003882953146751978;90
R2;0.08791751175539342;90
forecast_horizon;90.0;90
