metrica;valor;forecast_horizon
MAPE;6.388514105606738;90
MAE;0.06851577151544867;90
RMSE;0.17285416521547695;90
sMAPE;10.442592890889177;90
Bias;0.004545431269977256;90
R2;0.0832650207589587;90
forecast_horizon;90.0;90
