metrica;valor;forecast_horizon
MAPE;5.190667710805475;60
MAE;0.05566906435630204;60
RMSE;0.14044400923757502;60
sMAPE;8.484606723847456;60
Bias;0.004545431269977256;60
R2;0.14571378632817772;60
forecast_horizon;60.0;60
