metrica;valor;forecast_horizon
MAPE;23.452099506991935;30
MAE;0.2940904059879981;30
RMSE;0.353649773550639;30
sMAPE;82.33089315954744;30
Bias;0.09039913180955204;30
R2;-0.06990822522161322;30
forecast_horizon;30.0;30
