metrica;valor;forecast_horizon
MAPE;30.487729359089517;60
MAE;0.3823175277843976;60
RMSE;0.4597447056158307;60
sMAPE;107.03016110741169;60
Bias;0.09039913180955204;60
R2;0.0;60
forecast_horizon;60.0;60
