metrica;valor;forecast_horizon
MAPE;35.236499267123186;60
MAE;0.3829642952414943;60
RMSE;0.4400158843538205;60
sMAPE;102.09089891015893;60
Bias;0.026120290776591733;60
R2;0.0;60
forecast_horizon;60.0;60
