metrica;valor;forecast_horizon
MAPE;43.36799909799777;90
MAE;0.4713406710664545;90
RMSE;0.5415580115123945;90
sMAPE;125.65033712019562;90
Bias;0.026120290776591733;90
R2;0.0;90
forecast_horizon;90.0;90
