metrica;valor;forecast_horizon
MAPE;25.438032145035468;30
MAE;0.3077817972450602;30
RMSE;0.3597781250767043;30
sMAPE;84.11584273935664;30
Bias;0.07555924534509165;30
R2;-0.046141993158838046;30
forecast_horizon;30.0;30
