metrica;valor;forecast_horizon
MAPE;27.1049994362486;30
MAE;0.29458791941653406;30
RMSE;0.3384737571952465;30
sMAPE;78.53146070012225;30
Bias;0.026120290776591733;30
R2;-0.005991010904850436;30
forecast_horizon;30.0;30
