metrica;valor;forecast_horizon
MAPE;37.5233592111871;90
MAE;0.470544649580797;90
RMSE;0.5658396376810224;90
sMAPE;131.72942905527592;90
Bias;0.09039913180955204;90
R2;0.0;90
forecast_horizon;90.0;90
