metrica;valor;forecast_horizon
MAPE;40.37736121243975;90
MAE;0.4917254245720204;90
RMSE;0.5763097633672086;90
sMAPE;134.29874471767275;90
Bias;0.07720281346081412;90
R2;0.0;90
forecast_horizon;90.0;90
