metrica;valor;forecast_horizon
MAPE;33.06944178854611;60
MAE;0.4001163364185783;60
RMSE;0.46771156259971564;60
sMAPE;109.35059556116363;60
Bias;0.07555924534509165;60
R2;0.0;60
forecast_horizon;60.0;60
