metrica;valor;forecast_horizon
MAPE;40.70085143205675;90
MAE;0.4924508755920964;90
RMSE;0.5756450001227269;90
sMAPE;134.58534838297064;90
Bias;0.07555924534509165;90
R2;0.0;90
forecast_horizon;90.0;90
