empresa;metrica;valor
GER;MAPE;19.06566600867503
GER;MAE;0.15512740273745781
GER;RMSE;0.23995248943459516
GER;sMAPE;26.74793009795871
GER;Bias;0.019977974083804414
GER;R2;-0.19965640354038205
GER;forecast_horizon;30.0
