empresa;metrica;valor
GER;MAPE;18.39423257053936
GER;MAE;0.15095934204586894
GER;RMSE;0.23819786343280935
GER;sMAPE;25.93975644710784
GER;Bias;0.02348957802566292
GER;R2;-0.18667786833422273
GER;forecast_horizon;30.0
