empresa;MAPE;MAE;RMSE;sMAPE;R2;Bias;forecast_horizon
GER;19.06566600867503;0.15512740273745781;0.23995248943459516;26.74793009795871;-0.19965640354038205;0.019977974083804414;30.0
