empresa;MAPE;MAE;RMSE;sMAPE;R2;Bias;forecast_horizon
GER;18.479144818995522;0.15057752543176117;0.23293741789320208;26.180874426823298;-0.13599072084025732;0.021849263416357664;30.0
