empresa;MAPE;MAE;RMSE;sMAPE;R2;Bias;forecast_horizon
GER;18.39423257053936;0.15095934204586894;0.23819786343280935;25.93975644710784;-0.18667786833422273;0.02348957802566292;30.0
