empresa;MAPE;MAE;RMSE;sMAPE;R2;Bias;forecast_horizon
003;36.604976991330474;0.1159017116132072;0.14131403536396464;23.535076167662382;-0.15968693939324652;0.02073151976407477;30.0
005;9.533668177561545;0.07410909043837635;0.1138450175507262;10.350651810826097;-0.1989633818791836;0.0039291229444082445;30.0
006;8.678696639036584;0.06813809198965916;0.08322745370146264;8.8369426493898;-0.34278644387761026;-0.02111265869365628;30.0
