empresa;MAPE;MAE;RMSE;sMAPE;R2;Bias;forecast_horizon
003;39.754921447610016;0.12135830844898667;0.15215508101652833;24.701295856276545;-0.16390032909447405;0.017189287347036255;30.0
005;9.350648031445164;0.07242960342767704;0.11308782627506608;10.111565837818953;-0.21044595527834065;0.005733064404536313;30.0
006;8.774569171428546;0.0684017048318872;0.08357047820415399;8.901884622473588;-0.3277208484973144;-0.017470229190873272;30.0
