empresa;MAPE;MAE;RMSE;sMAPE;R2;Bias;forecast_horizon
002;21.54034412725325;0.10447377603852191;0.1494234754686287;18.789016678383284;-0.1484196663238757;0.014680216379774144;30.0
005;23.853981311041224;0.15105105049447698;0.1865471828528579;23.095987825711262;-0.21004778990116413;-0.010918350025400854;30.0
008;28.03190660062819;0.1709070402457435;0.19550589711690747;26.157700014156315;-0.44950726858432266;-0.00614326280798797;30.0
