empresa;MAPE;MAE;RMSE;sMAPE;R2;Bias;forecast_horizon
005;22.33561809517606;0.14305469458200315;0.18126333525266033;21.888018948307728;-0.18687568482084793;-0.017863145443486213;30.0
006;57.584435107774105;0.12819602499825408;0.1777837187227136;17.732204273744042;-0.9199349367985341;-0.08400480463145;30.0
008;26.209656765841824;0.16125242370467424;0.18667316907658912;24.519866074932345;-0.3643674236862422;-0.00540688445380241;30.0
