metrica;valor;forecast_horizon
MAPE;9.064609512929254;90
MAE;0.10644619528267699;90
RMSE;0.2335600232850474;90
sMAPE;15.141382223635802;90
Bias;0.022967516446742282;90
R2;0.0;90
forecast_horizon;90.0;90
