metrica;valor;forecast_horizon
MAPE;7.437630950871566;60
MAE;0.08651499812146483;60
RMSE;0.18836300635227277;60
sMAPE;12.257668239507131;60
Bias;0.02405003994246802;60
R2;0.0;60
forecast_horizon;60.0;60
