metrica;valor;forecast_horizon
MAPE;5.721254577593512;30
MAE;0.06654999855497294;30
RMSE;0.14489462027097905;30
sMAPE;9.428975568851639;30
Bias;0.02405003994246802;30
R2;-0.037534187105263905;30
forecast_horizon;30.0;30
