metrica;valor;forecast_horizon
MAPE;5.665380945580783;30
MAE;0.06652887205167311;30
RMSE;0.14597501455315462;30
sMAPE;9.463363889772376;30
Bias;0.022967516446742282;30
R2;-0.033513462821748385;30
forecast_horizon;30.0;30
