metrica;valor;forecast_horizon
MAPE;5.76862775504488;30
MAE;0.06662537772079098;30
RMSE;0.14397612977670868;30
sMAPE;9.398855508844424;30
Bias;0.02378790151403736;30
R2;-0.038637544520522926;30
forecast_horizon;30.0;30
