metrica;valor;forecast_horizon
MAPE;9.15400732414962;90
MAE;0.10647999768795671;90
RMSE;0.23183139243356649;90
sMAPE;15.086360910162623;90
Bias;0.02405003994246802;90
R2;0.0;90
forecast_horizon;90.0;90
