metrica;valor;forecast_horizon
MAPE;7.364995229255019;60
MAE;0.08648753366717506;60
RMSE;0.189767518919101;60
sMAPE;12.30237305670409;60
Bias;0.022967516446742282;60
R2;0.0;60
forecast_horizon;60.0;60
