metrica;valor;forecast_horizon
MAPE;7.940441851351135;90
MAE;0.12599849921226375;90
RMSE;0.29943998375052155;90
sMAPE;20.157565008857446;90
Bias;0.035618346038246006;90
R2;0.0;90
forecast_horizon;90.0;90
