metrica;valor;forecast_horizon
MAPE;7.499216081558345;60
MAE;0.08661299103702828;60
RMSE;0.1871689687097213;60
sMAPE;12.21851216149775;60
Bias;0.02378790151403736;60
R2;0.0;60
forecast_horizon;60.0;60
