metrica;valor;forecast_horizon
MAPE;34.80467364790779;90
MAE;0.2497012564933594;90
RMSE;0.4314744125722067;90
sMAPE;66.23254798168063;90
Bias;0.08329997439116772;90
R2;0.12071547336519317;90
forecast_horizon;90.0;90
