metrica;valor;forecast_horizon
MAPE;28.159173363904895;60
MAE;0.20250743246464914;60
RMSE;0.35686977364583855;60
sMAPE;52.25097747722354;60
Bias;0.08865414947474425;60
R2;0.18448290559382136;60
forecast_horizon;60.0;60
