metrica;valor;forecast_horizon
MAPE;28.83277407030335;60
MAE;0.20884478558281894;60
RMSE;0.3511297234434802;60
sMAPE;56.15935953871886;60
Bias;0.08465716968384529;60
R2;0.22165783817781304;60
forecast_horizon;60.0;60
