metrica;valor;forecast_horizon
MAPE;21.752921029942367;30
MAE;0.15606328530834962;30
RMSE;0.26967150785762917;30
sMAPE;41.39534248855039;30
Bias;0.08329997439116772;30
R2;0.3017886834129829;30
forecast_horizon;30.0;30
