metrica;valor;forecast_horizon
MAPE;35.05287888216913;90
MAE;0.25213916679053544;90
RMSE;0.43265085002379533;90
sMAPE;66.8154204517567;90
Bias;0.08318069472826768;90
R2;0.11887549298895905;90
forecast_horizon;90.0;90
