metrica;valor;forecast_horizon
MAPE;35.48649116345028;90
MAE;0.257039736101931;90
RMSE;0.43215965962274483;90
sMAPE;69.11921173996167;90
Bias;0.08465716968384529;90
R2;0.1266616218158932;90
forecast_horizon;90.0;90
