metrica;valor;forecast_horizon
MAPE;28.278797338925077;60
MAE;0.2028822709008545;60
RMSE;0.3505729602149179;60
sMAPE;53.81394523511551;60
Bias;0.08329997439116772;60
R2;0.21125207838908805;60
forecast_horizon;60.0;60
