metrica;valor;forecast_horizon
MAPE;21.660902587619148;30
MAE;0.1557749480497301;30
RMSE;0.2745152104967989;30
sMAPE;40.19305959786426;30
Bias;0.08865414947474425;30
R2;0.26354700799117337;30
forecast_horizon;30.0;30
