metrica;valor;forecast_horizon
MAPE;34.65744414019064;90
MAE;0.24923991687956817;90
RMSE;0.43922433679487827;90
sMAPE;64.30889535658282;90
Bias;0.08865414947474425;90
R2;0.10541880319646935;90
forecast_horizon;90.0;90
