metrica;valor;forecast_horizon
MAPE;22.179056977156424;30
MAE;0.16064983506370686;30
RMSE;0.2700997872642155;30
sMAPE;43.19950733747604;30
Bias;0.08465716968384529;30
R2;0.31665405453973294;30
forecast_horizon;30.0;30
