metrica;valor;forecast_horizon
MAPE;21.908049301355707;30
MAE;0.15758697924408463;30
RMSE;0.27040678126487205;30
sMAPE;41.75963778234793;30
Bias;0.08318069472826768;30
R2;0.29718873247239763;30
forecast_horizon;30.0;30
