metrica;valor;forecast_horizon
MAPE;28.48046409176242;60
MAE;0.20486307301731002;60
RMSE;0.3515288156443337;60
sMAPE;54.28752911705231;60
Bias;0.08318069472826768;60
R2;0.20803211273067834;60
forecast_horizon;60.0;60
