metrica;valor;forecast_horizon
MAPE;3.897096876773209;60
MAE;0.03151906526206981;60
RMSE;0.05022340132091024;60
sMAPE;3.8152235054039534;60
Bias;-0.0026536965340719643;60
R2;0.4920355827143738;60
forecast_horizon;60.0;60
