metrica;valor;forecast_horizon
MAPE;2.8832459160765005;30
MAE;0.028627356142417768;30
RMSE;0.07830171961375268;30
sMAPE;4.094451927749786;30
Bias;0.0020470892703069875;30
R2;0.3756799596878957;30
forecast_horizon;30.0;30
