metrica;valor;forecast_horizon
MAPE;2.9897126361326753;30
MAE;0.024180513240485865;30
RMSE;0.03910405428668894;30
sMAPE;2.925197654121877;30
Bias;-0.00270760848199615;30
R2;0.6955468002419029;30
forecast_horizon;30.0;30
