metrica;valor;forecast_horizon
MAPE;2.9977668282870837;30
MAE;0.024245434816976778;30
RMSE;0.03863338563146941;30
sMAPE;2.934787311849195;30
Bias;-0.0026536965340719643;30
R2;0.7029079753062484;30
forecast_horizon;30.0;30
