metrica;valor;forecast_horizon
MAPE;4.613193465722401;90
MAE;0.045803769827868435;90
RMSE;0.1252827513820043;90
sMAPE;6.5511230843996575;90
Bias;0.0020470892703069875;90
R2;0.15027198387515828;90
forecast_horizon;90.0;90
