metrica;valor;forecast_horizon
MAPE;4.653936511544177;90
MAE;0.0375468692340935;90
RMSE;0.06101811367387505;90
sMAPE;4.5481088741871565;90
Bias;-0.001833299423168241;90
R2;0.2841356193622031;90
forecast_horizon;90.0;90
