metrica;valor;forecast_horizon
MAPE;3.7813234156296436;60
MAE;0.030506831252700966;60
RMSE;0.04957721736002348;60
sMAPE;3.695338460277065;60
Bias;-0.001833299423168241;60
R2;0.4972373338838554;60
forecast_horizon;60.0;60
