metrica;valor;forecast_horizon
MAPE;3.7482196908994507;60
MAE;0.0372155629851431;60
RMSE;0.10179223549787848;60
sMAPE;5.322787506074722;60
Bias;0.0020470892703069875;60
R2;0.262975971781527;60
forecast_horizon;60.0;60
