metrica;valor;forecast_horizon
MAPE;4.796426925259334;90
MAE;0.038792695707162844;90
RMSE;0.06181341701035106;90
sMAPE;4.695659698958712;90
Bias;-0.0026536965340719643;90
R2;0.28116319012249935;90
forecast_horizon;90.0;90
