metrica;valor;forecast_horizon
MAPE;16.964902666469264;60
MAE;0.18916059904277172;60
RMSE;0.37535609972752626;60
sMAPE;113.80855807491926;60
Bias;0.04372348235489194;60
R2;0.33770642843939336;60
forecast_horizon;60.0;60
