metrica;valor;forecast_horizon
MAPE;22.15545168635703;90
MAE;0.23799249032298195;90
RMSE;0.46905409661027897;90
sMAPE;140.3636446637724;90
Bias;0.04914933024691481;90
R2;0.1847861307840174;90
forecast_horizon;90.0;90
