metrica;valor;forecast_horizon
MAPE;20.620900592213147;90
MAE;0.2319300828747209;90
RMSE;0.4630827978817905;90
sMAPE;135.60399886414083;90
Bias;0.049590636134999956;90
R2;0.1877125309586219;90
forecast_horizon;90.0;90
