metrica;valor;forecast_horizon
MAPE;20.87988020488525;90
MAE;0.23281304497571906;90
RMSE;0.46197673812618617;90
sMAPE;140.0720714768237;90
Bias;0.04372348235489194;90
R2;0.19297510196536766;90
forecast_horizon;90.0;90
