metrica;valor;forecast_horizon
MAPE;12.888062870133215;30
MAE;0.14495630179670055;30
RMSE;0.28942674867611906;30
sMAPE;84.75249929008802;30
Bias;0.049590636134999956;30
R2;0.4692813273965547;30
forecast_horizon;30.0;30
