metrica;valor;forecast_horizon
MAPE;13.04992512805328;30
MAE;0.1455081531098244;30
RMSE;0.28873546132886635;30
sMAPE;87.54504467301481;30
Bias;0.04372348235489194;30
R2;0.4824377549134191;30
forecast_horizon;30.0;30
