metrica;valor;forecast_horizon
MAPE;18.001304495165087;60
MAE;0.19336889838742283;60
RMSE;0.38110645349585165;60
sMAPE;114.04546128931506;60
Bias;0.04914933024691481;60
R2;0.32337572887203037;60
forecast_horizon;60.0;60
