metrica;valor;forecast_horizon
MAPE;13.847157303973143;30
MAE;0.1487453064518637;30
RMSE;0.29315881038142433;30
sMAPE;87.72727791485774;30
Bias;0.04914933024691481;30
R2;0.46196532696004344;30
forecast_horizon;30.0;30
