metrica;valor;forecast_horizon
MAPE;16.75448173117318;60
MAE;0.18844319233571072;60
RMSE;0.3762547732789548;60
sMAPE;110.17824907711443;60
Bias;0.049590636134999956;60
R2;0.32849692917758827;60
forecast_horizon;60.0;60
