metrica;valor;forecast_horizon
MAPE;12.381992503479228;60
MAE;0.12820699416769865;60
RMSE;0.24941966630907822;60
sMAPE;27.329889116832906;60
Bias;0.04279849838808289;60
R2;0.1402594854565233;60
forecast_horizon;60.0;60
