metrica;valor;forecast_horizon
MAPE;15.239375388897512;90
MAE;0.15779322359101375;90
RMSE;0.3069780508419424;90
sMAPE;33.63678660533281;90
Bias;0.04279849838808289;90
R2;0.08014827740372761;90
forecast_horizon;90.0;90
