metrica;valor;forecast_horizon
MAPE;11.902309244432594;60
MAE;0.11925375817257595;60
RMSE;0.23451007622219547;60
sMAPE;25.336465443975584;60
Bias;0.03408731955838049;60
R2;0.17183439616500945;60
forecast_horizon;60.0;60
