metrica;valor;forecast_horizon
MAPE;9.524609618060945;30
MAE;0.09862076474438358;30
RMSE;0.191861281776214;30
sMAPE;21.022991628333003;30
Bias;0.04279849838808289;30
R2;0.20037069350931902;30
forecast_horizon;30.0;30
