metrica;valor;forecast_horizon
MAPE;12.4306692276852;60
MAE;0.12281989660078302;60
RMSE;0.23802698238418052;60
sMAPE;25.680268771907738;60
Bias;0.03885156692053337;60
R2;0.15342235543769095;60
forecast_horizon;60.0;60
