metrica;valor;forecast_horizon
MAPE;14.648995993147807;90
MAE;0.1467738562124012;90
RMSE;0.2886277861196252;90
sMAPE;31.183342084893027;90
Bias;0.03408731955838049;90
R2;0.09819108352286254;90
forecast_horizon;90.0;90
