metrica;valor;forecast_horizon
MAPE;16.136221694367446;90
MAE;0.16220489123519952;90
RMSE;0.3060087212210107;90
sMAPE;34.38942514452696;90
Bias;0.03930649724014111;90
R2;0.08662212342360412;90
forecast_horizon;90.0;90
