metrica;valor;forecast_horizon
MAPE;9.15562249571738;30
MAE;0.09173366013275074;30
RMSE;0.18039236632476574;30
sMAPE;19.48958880305814;30
Bias;0.03408731955838049;30
R2;0.24547770880715636;30
forecast_horizon;30.0;30
