metrica;valor;forecast_horizon
MAPE;10.085138558979653;30
MAE;0.10137805702199969;30
RMSE;0.19125545076313166;30
sMAPE;21.493390715329348;30
Bias;0.03930649724014111;30
R2;0.21655530855901028;30
forecast_horizon;30.0;30
