empresa;metrica;valor
001;MAPE;8.184372695423205
001;MAE;0.07022820705990838
001;RMSE;0.11128279557992057
001;sMAPE;9.402073831567806
001;Bias;-0.02164475964057683
001;R2;-0.3089672812727331
001;forecast_horizon;30.0
002;MAPE;14.83330847904019
002;MAE;0.10504333001606213
002;RMSE;0.15884295800318926
002;sMAPE;15.85434207637736
002;Bias;0.024630819400865745
002;R2;-0.2188670365285339
002;forecast_horizon;30.0
