empresa;metrica;valor
001;MAPE;8.03822972579296
001;MAE;0.06901204182353163
001;RMSE;0.10939665786883952
001;sMAPE;9.268353920381431
001;Bias;-0.023919896244739964
001;R2;-0.26551992415179715
001;forecast_horizon;30.0
002;MAPE;15.172537043467244
002;MAE;0.10685951207057183
002;RMSE;0.1576346475889889
002;sMAPE;16.161129116154267
002;Bias;0.029273955936142515
002;R2;-0.1933776441925752
002;forecast_horizon;30.0
