empresa;MAPE;MAE;RMSE;sMAPE;R2;Bias;forecast_horizon
001;8.03822972579296;0.06901204182353163;0.10939665786883952;9.268353920381431;-0.26551992415179715;-0.023919896244739964;30.0
002;15.172537043467244;0.10685951207057183;0.1576346475889889;16.161129116154267;-0.1933776441925752;0.029273955936142515;30.0
