empresa;MAPE;MAE;RMSE;sMAPE;R2;Bias;forecast_horizon
001;7.687338661888554;0.0652535322087438;0.08150712385681283;7.949694205684409;-0.95911150665276;-0.035105547541369686;30.0
002;15.086755928859908;0.10766900857598038;0.1610618157288962;16.169341286404585;-0.19361747010965624;0.021408714213814874;30.0
