empresa;MAPE;MAE;RMSE;sMAPE;R2;Bias;forecast_horizon
AF;28.944502968926805;0.2760257623459985;0.4376509118680289;63.07219515923229;-0.3521587522710081;0.22320673636708804;30.0
JO;58.6568347137167;0.586568347137167;0.5866983537156427;200.0;0.0;0.586568347137167;30.0
MRB;58.57505568329787;0.13524664141825724;0.18750229579541203;21.50514434385857;-0.2827692292852151;0.04631511787274398;30.0
OF;6.430876391333221;0.057723825743216634;0.06547518075131609;6.4418198897028836;-0.24612351205439387;-0.001301073105153004;30.0
RIO;2387.4459834619975;0.3131898874190985;0.4496356233484098;67.55809615667695;-0.5554938492638009;0.13869502423595234;30.0
