empresa;MAPE;MAE;RMSE;sMAPE;R2;Bias;forecast_horizon
AF;13.224073174987687;0.10020163990401497;0.12068167237086057;14.35634045001711;-1.1728622602790155;-0.06895871513503579;30.0
JO;50.87013332868195;0.5034628922625067;0.527457567041166;176.72814774563898;-4.5675522073772985;0.48161153813694874;30.0
MRB;59.46611282107492;0.12103649018960816;0.17913222848100976;19.822677778534562;-0.018858305530844666;0.02092528766676586;30.0
OF;6.171164463891211;0.055780122140114005;0.06750264114697553;6.203579222869395;-0.3506215826947823;-0.005458126542839781;30.0
RIO;2511.4431635682886;0.1655792624458449;0.24472986273587147;31.7847965005824;-0.27322586219026723;-0.05067977580874568;30.0
