metrica;valor;forecast_horizon
MAPE;5.195991162218067;30
MAE;0.06281467811581902;30
RMSE;0.19216083916807014;30
sMAPE;67.20523824205175;30
Bias;0.019086007707979927;30
R2;0.7827023054487305;30
forecast_horizon;30.0;30
