metrica;valor;forecast_horizon
MAPE;6.925955125378876;60
MAE;0.08237720535207317;60
RMSE;0.24896814388570498;60
sMAPE;86.95358614103152;60
Bias;0.020387216017448345;60
R2;0.5480898666669611;60
forecast_horizon;60.0;60
