metrica;valor;forecast_horizon
MAPE;6.754788510883487;60
MAE;0.08165908155056473;60
RMSE;0.24980909091849118;60
sMAPE;87.36680971466728;60
Bias;0.019086007707979927;60
R2;0.5478916138141113;60
forecast_horizon;60.0;60
