metrica;valor;forecast_horizon
MAPE;8.313585859548906;90
MAE;0.10050348498531043;90
RMSE;0.3074573426689122;90
sMAPE;107.5283811872828;90
Bias;0.019086007707979927;90
R2;0.31308092217949224;90
forecast_horizon;90.0;90
