metrica;valor;forecast_horizon
MAPE;6.630589300326881;60
MAE;0.08084437381556936;60
RMSE;0.2508395629912727;60
sMAPE;88.38602205525515;60
Bias;0.0205833699191767;60
R2;0.5479225256975521;60
forecast_horizon;60.0;60
