metrica;valor;forecast_horizon
MAPE;8.524252462004771;90
MAE;0.10138732966409006;90
RMSE;0.3064223309362523;90
sMAPE;107.01979832742342;90
Bias;0.020387216017448345;90
R2;0.3131942095239778;90
forecast_horizon;90.0;90
