metrica;valor;forecast_horizon
MAPE;8.160725292710008;90
MAE;0.09950076777300845;90
RMSE;0.30872561598925874;90
sMAPE;108.78279637569865;90
Bias;0.0205833699191767;90
R2;0.313098586112887;90
forecast_horizon;90.0;90
