metrica;valor;forecast_horizon
MAPE;5.100453307943755;30
MAE;0.06218797985813028;30
RMSE;0.1929535099932867;30
sMAPE;67.98924773481166;30
Bias;0.0205833699191767;30
R2;0.7827464652822174;30
forecast_horizon;30.0;30
