metrica;valor;forecast_horizon
MAPE;5.34027433735496;30
MAE;0.06359685082103056;30
RMSE;0.19218368430505675;30
sMAPE;66.89295655939956;30
Bias;0.020919893782076045;30
R2;0.7816479821102685;30
forecast_horizon;30.0;30
