metrica;valor;forecast_horizon
MAPE;1.4194690771544287;30
MAE;0.018249304366511714;30
RMSE;0.07284890821167217;30
sMAPE;2.7049922138515505;30
Bias;0.004175243646694514;30
R2;0.1793444049457692;30
forecast_horizon;30.0;30
