metrica;valor;forecast_horizon
MAPE;1.3795835555368499;30
MAE;0.01802555287742374;30
RMSE;0.07398912141431642;30
sMAPE;2.664781554178161;30
Bias;0.0048283856377625;30
R2;0.16141652477994384;30
forecast_horizon;30.0;30
