metrica;valor;forecast_horizon
MAPE;1.8267047306635225;60
MAE;0.023692581834152706;60
RMSE;0.09484628254785205;60
sMAPE;3.5035248180730334;60
Bias;0.0027126798580774424;60
R2;0.1290601551696248;60
forecast_horizon;60.0;60
