metrica;valor;forecast_horizon
MAPE;1.7399549378312955;60
MAE;0.022787892954481366;60
RMSE;0.09412565430958375;60
sMAPE;3.4103685192765796;60
Bias;0.004463724696135148;60
R2;0.14410252617399077;60
forecast_horizon;60.0;60
