metrica;valor;forecast_horizon
MAPE;1.4051574851257864;30
MAE;0.018225062949348236;30
RMSE;0.0729586788829631;30
sMAPE;2.69501909082541;30
Bias;0.0027126798580774424;30
R2;0.18437165024232116;30
forecast_horizon;30.0;30
