metrica;valor;forecast_horizon
MAPE;2.1414830004077485;90
MAE;0.028046637482438602;90
RMSE;0.11584695915025692;90
sMAPE;4.1973766391096365;90
Bias;0.004463724696135148;90
R2;0.08234430067085188;90
forecast_horizon;90.0;90
