metrica;valor;forecast_horizon
MAPE;2.271150523447086;90
MAE;0.029198886986418746;90
RMSE;0.11655825313867547;90
sMAPE;4.327987542162481;90
Bias;0.004175243646694514;90
R2;0.07173776197830768;90
forecast_horizon;90.0;90
