metrica;valor;forecast_horizon
MAPE;1.793458622197905;60
MAE;0.023433218740650866;60
RMSE;0.09618585783861135;60
sMAPE;3.4642160204316097;60
Bias;0.0048283856377625;60
R2;0.11299156734596068;60
forecast_horizon;60.0;60
