metrica;valor;forecast_horizon
MAPE;1.3384268752548427;30
MAE;0.017529148426524126;30
RMSE;0.07240434946891057;30
sMAPE;2.6233603994435226;30
Bias;0.004463724696135148;30
R2;0.2058607516771297;30
forecast_horizon;30.0;30
