metrica;valor;forecast_horizon
MAPE;2.2482519762012583;90
MAE;0.02916010071895718;90
RMSE;0.11673388621274097;90
sMAPE;4.312030545320656;90
Bias;0.0027126798580774424;90
R2;0.07374866009692847;90
forecast_horizon;90.0;90
