empresa;metrica;valor
002;MAPE;40.03328423516199
002;MAE;0.2104454423902184
002;RMSE;0.29180988556765874
002;sMAPE;40.52729865030568
002;Bias;0.050496595540018764
002;R2;-0.18118683685270343
002;forecast_horizon;30.0
