empresa;metrica;valor
002;MAPE;39.66208703159723
002;MAE;0.20666038334517717
002;RMSE;0.29105686821455706
002;sMAPE;39.67078251035781
002;Bias;0.055433980975157185
002;R2;-0.17973772491232998
002;forecast_horizon;30.0
