empresa;MAPE;MAE;RMSE;sMAPE;R2;Bias;forecast_horizon
002;40.01750243603014;0.20764131946291725;0.28892734709982426;38.97532969136052;-0.21871553766793195;0.04215076590760115;30.0
