empresa;MAPE;MAE;RMSE;sMAPE;R2;Bias;forecast_horizon
002;40.03328423516199;0.2104454423902184;0.29180988556765874;40.52729865030568;-0.18118683685270343;0.050496595540018764;30.0
