empresa;MAPE;MAE;RMSE;sMAPE;R2;Bias;forecast_horizon
002;39.66208703159723;0.20666038334517717;0.29105686821455706;39.67078251035781;-0.17973772491232998;0.055433980975157185;30.0
