empresa;metrica;valor
I3C;MAPE;18.411201875180282
I3C;MAE;0.10274862113460176
I3C;RMSE;0.1491240587738892
I3C;sMAPE;18.4622693407701
I3C;Bias;0.04021991596526765
I3C;R2;-0.37214391086140886
I3C;forecast_horizon;30.0
