empresa;metrica;valor
I3C;MAPE;18.35188538302958
I3C;MAE;0.10336099590909047
I3C;RMSE;0.14724877141201148
I3C;sMAPE;18.62084381960102
I3C;Bias;0.035184639777804956
I3C;R2;-0.35833228641247983
I3C;forecast_horizon;30.0
