empresa;MAPE;MAE;RMSE;sMAPE;R2;Bias;forecast_horizon
I3C;18.411201875180282;0.10274862113460176;0.1491240587738892;18.4622693407701;-0.37214391086140886;0.04021991596526765;30.0
