empresa;MAPE;MAE;RMSE;sMAPE;R2;Bias;forecast_horizon
I3C;17.855012607615883;0.10065194589835229;0.1458931480341053;18.14933890895737;-0.2667593729538025;0.03373956472169874;30.0
