metrica;valor;forecast_horizon
MAPE;10.024063343762295;60
MAE;0.08484675260094382;60
RMSE;0.1483503518804005;60
sMAPE;13.067687581959815;60
Bias;0.0021749093097188713;60
R2;0.25239546669032503;60
forecast_horizon;60.0;60
