metrica;valor;forecast_horizon
MAPE;12.337308730784363;90
MAE;0.10442677243193087;90
RMSE;0.18258504846818524;90
sMAPE;16.083307793181312;90
Bias;0.0021749093097188713;90
R2;0.14422598096590003;90
forecast_horizon;90.0;90
