metrica;valor;forecast_horizon
MAPE;7.717389263178194;30
MAE;0.06519187590374961;30
RMSE;0.11369957505488078;30
sMAPE;10.059491335962193;30
Bias;0.00143617813578265;30
R2;0.38365131007415465;30
forecast_horizon;30.0;30
