metrica;valor;forecast_horizon
MAPE;7.710817956740226;30
MAE;0.06526673276995679;30
RMSE;0.11411565529261576;30
sMAPE;10.05206737073832;30
Bias;0.0021749093097188713;30
R2;0.36056495241475006;30
forecast_horizon;30.0;30
