metrica;valor;forecast_horizon
MAPE;12.34782282108511;90
MAE;0.10430700144599939;90
RMSE;0.18191932008780926;90
sMAPE;16.09518613753951;90
Bias;0.00143617813578265;90
R2;0.15346052402966187;90
forecast_horizon;90.0;90
