metrica;valor;forecast_horizon
MAPE;12.34120386453913;90
MAE;0.10532316534733357;90
RMSE;0.18255556955791272;90
sMAPE;16.153716815140957;90
Bias;-0.0009488897108697001;90
R2;0.14490975359051247;90
forecast_horizon;90.0;90
