metrica;valor;forecast_horizon
MAPE;8.062711429530296;30
MAE;0.06817567490153427;30
RMSE;0.11712133071874256;30
sMAPE;10.42570160147379;30
Bias;-0.0008740728078912542;30
R2;0.3513630875635113;30
forecast_horizon;30.0;30
