metrica;valor;forecast_horizon
MAPE;10.027228139938043;60
MAE;0.08557507184470853;60
RMSE;0.14832640026580407;60
sMAPE;13.124894912302027;60
Bias;-0.0009488897108697001;60
R2;0.25359206878339685;60
forecast_horizon;60.0;60
