metrica;valor;forecast_horizon
MAPE;10.032606042131652;60
MAE;0.0847494386748745;60
RMSE;0.147809447571345;60
sMAPE;13.077338736750852;60
Bias;0.00143617813578265;60
R2;0.26855591705190823;60
forecast_horizon;60.0;60
