empresa;MAPE;MAE;RMSE;sMAPE;R2;Bias;forecast_horizon
001;19.65710485918118;0.12872782103356947;0.15819382305935983;21.355059566381218;-0.7021159593459874;-0.08130699735529448;30.0
003;6.747555839364991;0.05720034380938573;0.073670389775699;7.005506943874127;-0.7083695057927384;-0.04015573430944404;30.0
004;9.499638088717397;0.08360885904647666;0.12091469432380114;10.85774387172517;-0.3167585757739735;-0.03340097368995198;30.0
005;6.685450433163552;0.05690526022176797;0.07015039050184214;6.907991702536256;-0.3772649291469288;-0.03683847931858905;30.0
006;8.708376320527277;0.06741665389947245;0.08395150631606495;8.828780481051254;-0.20778780076419134;-0.030144312603536314;30.0
007;10.40667117709891;0.0847016925139894;0.10029148287352586;10.940871105172805;-0.6211700752822102;-0.06561134576698774;30.0
010;13.020929002375542;0.10042358681094188;0.1342122919687614;14.30332603154383;-0.24524906949460545;-0.036464480463268424;30.0
019;14.835150704333122;0.09712942774002069;0.1263331174385893;13.377236739515395;-0.14921398530725827;-0.03184879671206578;30.0
