empresa;MAPE;MAE;RMSE;sMAPE;R2;Bias;forecast_horizon
001;19.698251861240454;0.12784338900545023;0.15572699103753854;21.373586732104275;-0.7399709928809151;-0.07737082297616826;30.0
003;6.685131325877439;0.05708003198432609;0.0734677890736203;6.977514195717557;-0.9234107426238909;-0.04234048362536651;30.0
004;9.119636882871845;0.0813029210471307;0.12015254833674859;10.44021645947339;-0.25654537754287743;-0.03716421630847844;30.0
005;6.457927135881654;0.055063529786339376;0.07001611917404935;6.674938871294168;-0.38303549697897465;-0.034252470649736765;30.0
006;7.8885958011829125;0.06178319183765227;0.07720487666798309;8.068609035849097;-0.1817717288614864;-0.030169835929214458;30.0
007;10.046757680990202;0.08230898986047638;0.09833802780168177;10.588808808523693;-0.7821434376556851;-0.06781920377864242;30.0
010;12.303427196255235;0.09686883297111835;0.12068287180027985;12.511812567696694;-0.5415312855384184;-0.04432451197805279;30.0
019;14.771993630679809;0.09619172212428072;0.12638778028956763;13.272549125208313;-0.199787854314476;-0.027879076903027343;30.0
