empresa;metrica;valor
GER;MAPE;12.953405449308027
GER;MAE;0.11605226885425475
GER;RMSE;0.20997375870880935
GER;sMAPE;19.051607331874756
GER;Bias;0.027230257166328084
GER;R2;-0.1636281432943767
GER;forecast_horizon;30.0
