empresa;metrica;valor
GER;MAPE;12.693319278664294
GER;MAE;0.11413747645918904
GER;RMSE;0.21140310322545075
GER;sMAPE;18.66340443526184
GER;Bias;0.028100109398345317
GER;R2;-0.17459361748905455
GER;forecast_horizon;30.0
