empresa;MAPE;MAE;RMSE;sMAPE;R2;Bias;forecast_horizon
GER;12.693319278664294;0.11413747645918904;0.21140310322545075;18.66340443526184;-0.17459361748905455;0.028100109398345317;30.0
