empresa;MAPE;MAE;RMSE;sMAPE;R2;Bias;forecast_horizon
GER;13.968739506134934;0.1241666112673442;0.21582435319764895;20.150032978283846;-0.24098505234674983;0.024731142049638385;30.0
