empresa;MAPE;MAE;RMSE;sMAPE;R2;Bias;forecast_horizon
GER;12.953405449308027;0.11605226885425475;0.20997375870880935;19.051607331874756;-0.1636281432943767;0.027230257166328084;30.0
