metrica;valor;forecast_horizon
MAPE;4.27536208868647;90
MAE;0.036542185189236;90
RMSE;0.06481207356487739;90
sMAPE;4.241079986446593;90
Bias;-0.008431778679179557;90
R2;0.3031641184885344;90
forecast_horizon;90.0;90
