metrica;valor;forecast_horizon
MAPE;3.378030628581581;60
MAE;0.02919080137168756;60
RMSE;0.052351003879899334;60
sMAPE;3.3578291292402684;60
Bias;-0.00981271566700853;60
R2;0.5272315411717826;60
forecast_horizon;60.0;60
