metrica;valor;forecast_horizon
MAPE;2.8420491059625244;30
MAE;0.023979647251534703;30
RMSE;0.04178979251503846;30
sMAPE;2.802341036653696;30
Bias;-0.008160137313639659;30
R2;0.7550643861529271;30
forecast_horizon;30.0;30
