metrica;valor;forecast_horizon
MAPE;4.157576158254254;90
MAE;0.035927140149769304;90
RMSE;0.06443200477526072;90
sMAPE;4.132712774449561;90
Bias;-0.00981271566700853;90
R2;0.3012751663838758;90
forecast_horizon;90.0;90
