metrica;valor;forecast_horizon
MAPE;3.694663837751282;60
MAE;0.031173541426995115;60
RMSE;0.054326730269550004;60
sMAPE;3.6430433476498045;60
Bias;-0.008160137313639659;60
R2;0.528545070307049;60
forecast_horizon;60.0;60
