metrica;valor;forecast_horizon
MAPE;2.5984850989089083;30
MAE;0.022454462593605815;30
RMSE;0.04027000298453795;30
sMAPE;2.582945484030976;30
Bias;-0.00981271566700853;30
R2;0.7531879159596895;30
forecast_horizon;30.0;30
