metrica;valor;forecast_horizon
MAPE;4.303686264945176;90
MAE;0.03681648854106518;90
RMSE;0.06540491894905019;90
sMAPE;4.269420154876686;90
Bias;-0.008884500750130206;90
R2;0.3014397831951214;90
forecast_horizon;90.0;90
