metrica;valor;forecast_horizon
MAPE;3.4737316970577568;60
MAE;0.02969052546625425;60
RMSE;0.05265980977146288;60
sMAPE;3.4458774889878567;60
Bias;-0.008431778679179557;60
R2;0.5305372073549351;60
forecast_horizon;60.0;60
