metrica;valor;forecast_horizon
MAPE;2.6721013054290434;30
MAE;0.0228388657432725;30
RMSE;0.04050754597804837;30
sMAPE;2.6506749915291206;30
Bias;-0.008431778679179557;30
R2;0.757910296221336;30
forecast_horizon;30.0;30
