metrica;valor;forecast_horizon
MAPE;3.6960864234566175;90
MAE;0.03292123715408496;90
RMSE;0.04895276253608712;90
sMAPE;3.686116881957364;90
Bias;-0.001631498533318964;90
R2;0.2216945846825781;90
forecast_horizon;90.0;90
