metrica;valor;forecast_horizon
MAPE;3.644878032405311;90
MAE;0.03233788055092079;90
RMSE;0.04824014405235579;90
sMAPE;3.628333459779998;90
Bias;-0.00016147136433847923;90
R2;0.23005655171582032;90
forecast_horizon;90.0;90
