metrica;valor;forecast_horizon
MAPE;2.357471521822576;30
MAE;0.020895131619245742;30
RMSE;0.03089900284235286;30
sMAPE;2.3445324702918553;30
Bias;0.0005805558612464854;30
R2;0.554426861652392;30
forecast_horizon;30.0;30
