metrica;valor;forecast_horizon
MAPE;3.0030702190585017;60
MAE;0.02674850518769403;60
RMSE;0.03977411956057079;60
sMAPE;2.9949699665903586;60
Bias;-0.001631498533318964;60
R2;0.38796552319451166;60
forecast_horizon;60.0;60
