metrica;valor;forecast_horizon
MAPE;2.9544603367486584;60
MAE;0.02617620126805652;60
RMSE;0.03921032018292081;60
sMAPE;2.9378409979807416;60
Bias;0.0003399910007904581;60
R2;0.4008128552189724;60
forecast_horizon;60.0;60
