metrica;valor;forecast_horizon
MAPE;3.771954434916122;90
MAE;0.03343221059079319;90
RMSE;0.049438404547764575;90
sMAPE;3.7512519524669687;90
Bias;0.0005805558612464854;90
R2;0.2217707446609568;90
forecast_horizon;90.0;90
