metrica;valor;forecast_horizon
MAPE;2.310054014660386;30
MAE;0.0205757732213031;30
RMSE;0.03059547658505445;30
sMAPE;2.3038230512233526;30
Bias;-0.001631498533318964;30
R2;0.5542364617064452;30
forecast_horizon;30.0;30
