metrica;valor;forecast_horizon
MAPE;2.9614634013293153;60
MAE;0.026274527947623142;60
RMSE;0.03919511704253908;60
sMAPE;2.948020936071248;60
Bias;-0.00016147136433847923;60
R2;0.40259896550268554;60
forecast_horizon;60.0;60
