metrica;valor;forecast_horizon
MAPE;2.2780487702533194;30
MAE;0.020211175344325493;30
RMSE;0.030150090032722367;30
sMAPE;2.2677084123624986;30
Bias;-0.00016147136433847923;30
R2;0.5751413792895508;30
forecast_horizon;30.0;30
