metrica;valor;forecast_horizon
MAPE;22.97692690674398;90
MAE;0.19493371515397698;90
RMSE;0.4115918770004974;90
sMAPE;114.26416259165144;90
Bias;-0.0022082806098590747;90
R2;0.2011881831296075;90
forecast_horizon;90.0;90
