metrica;valor;forecast_horizon
MAPE;14.360579316714986;30
MAE;0.12183357197123561;30
RMSE;0.25724492312531083;30
sMAPE;71.41510161978215;30
Bias;-0.0022082806098590747;30
R2;0.5029704578240187;30
forecast_horizon;30.0;30
