metrica;valor;forecast_horizon
MAPE;21.624947134302758;90
MAE;0.1793123023164218;90
RMSE;0.3933083391499828;90
sMAPE;110.8749911464553;90
Bias;-0.0036680845292900396;90
R2;0.21523861924062013;90
forecast_horizon;90.0;90
