metrica;valor;forecast_horizon
MAPE;13.515591958939224;30
MAE;0.11207018894776362;30
RMSE;0.24581771196873925;30
sMAPE;69.29686946653456;30
Bias;-0.0036680845292900396;30
R2;0.5380965481015503;30
forecast_horizon;30.0;30
