metrica;valor;forecast_horizon
MAPE;17.395432004915623;60
MAE;0.14525272441111836;60
RMSE;0.32274874825385214;60
sMAPE;90.45027460895241;60
Bias;-0.0009992861788908729;60
R2;0.37208030738987363;60
forecast_horizon;60.0;60
