metrica;valor;forecast_horizon
MAPE;17.57026954662099;60
MAE;0.1456912456320927;60
RMSE;0.31956302555936106;60
sMAPE;90.08593030649493;60
Bias;-0.0036680845292900396;60
R2;0.37666758367108516;60
forecast_horizon;60.0;60
