metrica;valor;forecast_horizon
MAPE;18.668753111729483;60
MAE;0.15838364356260629;60
RMSE;0.3344184000629041;60
sMAPE;92.8396321057168;60
Bias;-0.0022082806098590747;60
R2;0.35207932047681306;60
forecast_horizon;60.0;60
