metrica;valor;forecast_horizon
MAPE;13.381101542242787;30
MAE;0.1117328649316295;30
RMSE;0.24826826788757855;30
sMAPE;69.57713431457877;30
Bias;-0.0009992861788908729;30
R2;0.5315432962712481;30
forecast_horizon;30.0;30
