metrica;valor;forecast_horizon
MAPE;13.106212241917788;30
MAE;0.10991497659573776;30
RMSE;0.24597786139544922;30
sMAPE;68.9553063885742;30
Bias;-0.001598236742689727;30
R2;0.5385406395859227;30
forecast_horizon;30.0;30
