metrica;valor;forecast_horizon
MAPE;21.40976246758846;90
MAE;0.1787725838906072;90
RMSE;0.3972292286201257;90
sMAPE;111.32341490332604;90
Bias;-0.0009992861788908729;90
R2;0.21261731850849924;90
forecast_horizon;90.0;90
