empresa;metrica;valor
001;MAPE;44.40315289672467
001;MAE;0.3443130804543409
001;RMSE;0.40851789703979274
001;sMAPE;158.5239409551064
001;Bias;-0.12086955061181452
001;R2;-0.32094363782070245
001;forecast_horizon;30.0
002;MAPE;11.426408008813361
002;MAE;0.08281471636008593
002;RMSE;0.10106456425813823
002;sMAPE;11.145307636445954
002;Bias;-0.007810847804320724
002;R2;-0.24137141237806814
002;forecast_horizon;30.0
