empresa;metrica;valor
001;MAPE;46.441199664550936
001;MAE;0.35865005705896186
001;RMSE;0.42275685340003105
001;sMAPE;158.82906539281086
001;Bias;-0.12658277846598082
001;R2;-0.4415057547938601
001;forecast_horizon;30.0
002;MAPE;11.78367571655628
002;MAE;0.08524492027690996
002;RMSE;0.10155479363429855
002;sMAPE;11.45288812022699
002;Bias;-0.0038924657348474753
002;R2;-0.2218206204625346
002;forecast_horizon;30.0
