empresa;MAPE;MAE;RMSE;sMAPE;R2;Bias;forecast_horizon
001;44.795359318746094;0.34617911714614064;0.41479564566947785;160.21336057899316;-0.3618538086899661;-0.12772207695933266;30.0
002;11.453197655347374;0.08319965157035517;0.10044905496443325;11.220352418890645;-0.2541086414723066;-0.00839921048118978;30.0
