empresa;MAPE;MAE;RMSE;sMAPE;R2;Bias;forecast_horizon
001;46.441199664550936;0.35865005705896186;0.42275685340003105;158.82906539281086;-0.4415057547938601;-0.12658277846598082;30.0
002;11.78367571655628;0.08524492027690996;0.10155479363429855;11.45288812022699;-0.2218206204625346;-0.0038924657348474753;30.0
