empresa;MAPE;MAE;RMSE;sMAPE;R2;Bias;forecast_horizon
002;6.865440324210533;0.05835018311379899;0.1003751676747903;7.892449871517651;-0.06577682237298399;-0.010160235556013524;30.0
005;39.650466791750574;0.3664854505677991;0.4651244567664848;153.8806968190745;-2.084239955409002;0.35069634584019865;30.0
010;5.407545950877573;0.043664349749807915;0.08765089588397787;6.450093204729717;-0.10340880807556263;0.008569587897325818;30.0
012;16.593594270103218;0.08399553068189071;0.10919139669697515;14.823794090793156;0.022771121333806432;-0.006291838790851069;30.0
014;7.212830098564979;0.05985314350283784;0.07688094451631604;7.327689498394847;-0.4017063231253126;-0.01837158942332602;30.0
