empresa;MAPE;MAE;RMSE;sMAPE;R2;Bias;forecast_horizon
002;6.949479733384453;0.05835758531432476;0.09816275306225848;7.95016123038123;-0.01438828340988696;-0.0027757612035016355;30.0
005;34.71874409077183;0.33377344906392203;0.45906694356033734;121.17542079107137;-0.25157675450111405;0.3048430602425354;30.0
010;5.18069027257462;0.04213866989637495;0.08505420802057855;6.260851463572999;-0.04469298169929514;0.005303321504294913;30.0
012;15.059099409723778;0.08013743113135903;0.10431950674791203;13.844167324527515;0.010366114033482643;-0.01022796025543522;30.0
014;7.251858088320988;0.06048869968478514;0.07636296474338786;7.391592387036227;-0.4167817306843582;-0.022030742333037832;30.0
